Company Name,Website Link
"8th Light, Inc.",https://8thlight.com/
AffiniPay,https://www.affinipay.com/
"BigTime Software, Inc.",https://www.bigtime.net/
Canva,https://www.canva.com/
Crunchyroll,https://www.crunchyroll.com/
Dynatrace,https://www.dynatrace.com/
Evidation,https://evidation.com/
Evive,https://evivenutrition.com/
Iodine Software,https://iodinesoftware.com/
MassMutual,https://www.massmutual.com/
Nexthink,https://www.nexthink.com/
Q2,https://www.q2.com/
Redgate Software,https://www.red-gate.com/
Sysco LABS,https://www.syscolabs.com/
Biz2Credit Inc.,https://www.biz2credit.com/
Artera,https://www.artera.com/
Thumbtack,https://www.thumbtack.com/
Upside,https://www.upside.com/
Unit 410,https://unit410.com/
Stavvy,https://www.stavvy.biz/
Level Ex,https://www.levelex.com/
Eventus Solutions Group,https://eventusg.com/
Magna International,http://www.magna.com/
inKind,https://inkind.com/
Roblox,https://www.roblox.com/
Snap! Mobile,https://snapraise.com/
Cohere Health,https://coherehealth.com/
Everyware,https://www.everyware.com/
ZS,https://www.zs.com/
Grainger,https://www.grainger.com/
Hometap,https://www.hometap.com/
Trumid,https://www.trumid.com/
Aptos Labs,https://aptoslabs.com/
Unchained,https://unchainedofficial.com/
Ascend.io,https://www.ascend.io/
Uptycs,https://www.uptycs.com/
InspiringApps,https://www.inspiringapps.com/
TIDAL,https://tidal.com/
Network Perception,https://network-perception.com/
Mediavine,https://www.mediavine.com/
Apex Fintech Solutions,https://apexfintechsolutions.com/
Cymulate,https://cymulate.com/
Truist,https://www.truist.com/
Spokeo,https://www.spokeo.com/
Framework Security,https://www.frameworksec.com/
Optimum (An Altice USA Company),https://www.alticeusa.com/
WireScreen,https://wirescreen.ai/
Novo Nordisk,https://www.novonordisk.com/
Scorability,https://scorability.com/
3Play Media,https://www.3playmedia.com/
Files.com,https://www.files.com/
CrowdStrike,https://www.crowdstrike.com/en-us/
HealthJoy,https://www.healthjoy.com/
JumpCloud,https://jumpcloud.com/
Kustomer,https://www.kustomer.com/
Jabra Hearing,https://www.jabra.com/hearing
Remitly,https://www.remitly.com/
The Aerospace Corporation,https://aerospace.org/
GoodRx,https://www.goodrx.com/
Alma,https://www.cyberalma.com/
"Vestmark, Inc.",https://www.vestmark.com/
MoneyLion,https://www.moneylion.com/
AWeber,https://www.aweber.com/
Unlearn.AI,https://www.unlearn.ai/
Mason,https://www.imaginemason.org/
Asana,https://asana.com/
Bowery Farming,https://bowery.co/
Pfizer,https://www.pfizer.com/
Retool,https://retool.com/
Halo Investing,https://haloinvesting.com/
Jellyfish,https://www.jellyfish.com/
GameChanger,https://gc.com/
Mixbook,https://www.mixbook.com/
Nativo,https://www.nativo.com/
EliseAI,https://www.eliseai.com/
Wonders,https://wonders.com/EM/en/
Forge,https://files.minecraftforge.net/
CAIS,https://www.caisca.org/
General Motors,https://www.gm.com/
HCSS,https://www.hcss.com/
Enigma,https://www.enigmaspace.com/
Headway,https://headway.co/
"Multi Media, LLC",https://multimediallc.com/
Relativity Space,https://www.relativityspace.com/
RingCentral,https://www.ringcentral.com/
Route,https://route.com/
SamCart,https://www.samcart.com/
Cisco ThousandEyes,https://www.thousandeyes.com/
Comcast Advertising,https://comcastadvertising.com/
Intelsat,https://www.intelsat.com/
The PNC Financial Services Group,https://www.pnc.com/en/about-pnc.html
Chainlink Labs,https://chainlinklabs.com/
Ursa Major,https://www.ursamajorvt.com/
Sonar,https://www.sonarsource.com/products/sonarqube/
TurnCommerce,https://www.turncommerce.com/
Outbrain,https://www.outbrain.com/
Carbon Robotics,https://carbonrobotics.com/
McDonald's Global Technology,https://careers.mcdonalds.com/technology
Cox Enterprises,https://www.coxenterprises.com/
PureSpectrum,https://www.purespectrum.com/
Apptronik,https://apptronik.com/
Fusion92,https://www.fusion92.com/
Coviance,https://www.coviance.com/
"Bectran, Inc",https://www.bectran.com/
Centerfield,https://www.centerfield.com/
Click Therapeutics,https://www.clicktherapeutics.com/
FirstBank,https://www.efirstbank.com/
Getty Images,https://www.gettyimages.com/
Hi Marley,https://www.himarley.com/
Hinge,https://hinge.co/
Immersive Labs,https://www.immersivelabs.com/
Ro,https://ro.co/
TrueML,https://trueml.co/
Wowza,https://www.wowza.com/
Agero,https://www.agero.com/
VelocityEHS,https://www.ehs.com/
Nayya,https://www.nayya.com/
Snap Inc.,https://snap.com/
Dealerware,https://www.dealerware.com/
KUBRA,https://www.kubra.com/
PwC,https://www.pwc.com/us/en.html
Going,https://go.dev/
Leaf Home,https://www.leafhome.com/
Unanet,https://unanet.com/
Babylist,https://www.babylist.com/
"Fluent, Inc.",https://fluentco.com/
Sendbird,https://sendbird.com/
Spotnana,https://www.spotnana.com/
Bridge Legal,https://bridgelegal.com/
AutoStore,https://www.autostoresystem.com/
Prosodica,https://www.prosodica.com/
Altium,https://www.altium.com/
FusionAuth,https://fusionauth.io/
Securitize,https://securitize.io/
Redflag AI,https://www.redflagai.co/
BAE Systems,https://www.baesystems.com/en/home
"Buildout, Inc.",https://www.buildout.com/
Drift,https://www.drift.com/
Edmunds,https://www.edmunds.com/
EDB,https://www.enterprisedb.com/
Evolv Technology,https://www.evolvtechnology.com/
Forward Financing,https://www.forwardfinancing.com/
Ibotta,https://home.ibotta.com/
MarketAxess,https://www.marketaxess.com/
Provi,https://www.provi.com/
Bonterra,https://www.bonterratech.com/
Workiva,https://www.workiva.com/
1upHealth,https://1up.health/
ID.me,https://www.id.me/
dbt Labs,https://www.getdbt.com/
findhelp,https://www.findhelp.org/
Restaurant365,https://www.restaurant365.com/
Optimize Health,https://www.optimize.health/
Fluidra North America,https://www.fluidrausa.com/en
Garner Health,https://www.getgarner.com/
Iterative Health,https://iterative.health/
DearDoc,https://www.getdeardoc.com/
Gusto,https://gusto.com/
Spot & Tango,https://spotandtango.com/
Concept3D,https://concept3d.com/
New Visions for Public Schools,https://www.newvisions.org/
Multiverse,https://multiversus.com/en-gb
Nasuni,https://www.nasuni.com/
The Black Tux,https://theblacktux.com/
LineVision,https://www.linevisioninc.com/
9fin,https://9fin.com/
Memfault,https://memfault.com/
IDeaS,https://sites.ed.gov/idea/
DraftKings,https://www.draftkings.com/
Hex,https://hex.com/
adMarketplace,https://www.admarketplace.com/
DebtBook,https://www.debtbook.com/
Cockroach Labs,https://www.cockroachlabs.com/
DISQO,https://www.disqo.com/
Favor Delivery,https://www.favordelivery.com/
Funding Circle,https://www.fundingcircle.com/us/
GRAIL,https://grail.com/
Intelligent Medical Objects,https://www.imohealth.com/
Liftoff,https://www.liftoff-game.com/
NextRoll,https://www.nextroll.com/
"Scaled Agile, Inc.",https://scaledagile.com/
Snapsheet,https://www.snapsheetclaims.com/
Squarespace,https://www.squarespace.com/
VidMob,https://www.vidmob.com/
Huntress,https://www.huntress.com/
Immuta,https://www.immuta.com/
SOPHiA GENETICS,https://www.sophiagenetics.com/
Rue Gilt Groupe,https://www.ruegiltgroupe.com/
Locusview,https://www.locusview.com/
Bubble,https://hellobubble.com/
Linus Health,https://linushealth.com/
Rula,https://www.rula.com/
Leader Bank,https://www.leaderbank.com/
"SRAM, LLC",https://www.sram.com/en/sram
Spot Insurance,https://getspot.com/
Truehold,https://www.truehold.com/
Avenue One,https://www.avenue.one/
"Munchkin, Inc.",https://www.munchkin.com/
Osano,https://www.osano.com/
Child Mind Institute,https://childmind.org/
First Entertainment Credit Union,https://www.firstent.org/
Personio,https://www.personio.com/
ABN AMRO Clearing USA LLC,https://www.abnamro.com/clearing/en/home
Acquia,https://www.acquia.com/
Gradient AI,https://www.gradientai.com/
GumGum,https://www.gumgum.com/
Luxury Presence,https://www.luxurypresence.com/
SailPoint,https://www.sailpoint.com/
Sensor Tower,https://sensortower.com/
SmartBear,https://smartbear.com/
Strata Decision Technology,https://www.stratadecision.com/
Supernova Technology,https://www.supernovacompanies.com/
Udemy,https://www.udemy.com/
CreatorIQ,https://www.creatoriq.com/
Flexport,https://www.flexport.com/
Vibes,https://www.vibesbaseball.com/landing/index
VideoAmp,https://videoamp.com/
Aurora Solar,https://aurorasolar.com/
Gogo Business Aviation,https://www.gogoair.com/
ForeFlight,https://foreflight.com/
CompanyCam,https://companycam.com/
Zeta Global,https://zetaglobal.com/
NinjaHoldings,https://www.ninjaholdings.com/
Wonderlic,https://wonderlic.com/
Take-Two Interactive Software,https://www.take2games.com/
WISE,https://wise.com/us/
Invenergy,https://invenergy.com/
Healthee,https://healthee.com/
TestFit,https://www.testfit.io/
Close,https://www.closed.com/en/online-shop/
MediaNews Group,https://www.medianewsgroup.com/
Terakeet,https://terakeet.com/
Sandbox VR,https://sandboxvr.com/
Aircall,https://aircall.io/
AlertMedia,https://www.alertmedia.com/
Analytics8,https://www.analytics8.com/
Arcadia,https://www.arcadiaca.gov/
Cie,https://www.cambridgeinternational.org/
PatientPoint,https://careers.patientpoint.com/
Crexi,https://www.crexi.com/
MORSE Corp,https://www.morsecorp.com/
PagerDuty,https://www.pagerduty.com/
Peloton,https://www.onepeloton.com/
Rachio,https://rachio.com/
LeafLink,https://www.leaflink.com/
Warner Bros. Discovery,https://wbd.com/
ActBlue,https://secure.actblue.com/
Vertafore,https://www.vertafore.com/
"Upgrade, Inc.",https://www.upgrade.com/
Petal,https://www.petalcard.com/
January,https://www.january.com/
Smartling,https://www.smartling.com/
HiBob,https://www.hibob.com/
Ekotrope,https://www.ekotrope.com/
Strong Analytics,https://www.strong.io/
Closinglock,https://www.closinglock.com/
GSTV,https://www.gstv.com/
Consensus Cloud Solutions,https://www.consensus.com/
Laudio,https://laudio.com/
Radiant,https://radiantofficial.com/
Monte Carlo,https://www.montecarlo.in/
ActionIQ,https://www.actioniq.com/
BombBomb,https://bombbomb.com/
Klaviyo,https://www.klaviyo.com/
KPA,https://kpa.io/
Kyruus Health,https://kyruushealth.com/
LogicMonitor,https://www.logicmonitor.com/
Riskified,https://www.riskified.com/
SciPlay,https://www.sciplay.com/
TigerConnect,https://tigerconnect.com/
AdAction,https://www.adaction.com/
"Vail Systems, Inc.",https://www.vailsys.com/
Vivid Seats,https://www.vividseats.com/
West Monroe,https://www.cityofwestmonroe.com/
Zocdoc,https://www.zocdoc.com/
Embroker,https://www.embroker.com/
WHOOP,https://www.whoop.com/us/en/
cove,https://www.coveoflakegeneva.com/
John Deere,https://www.deere.com/en/index.html
Sojern,https://www.sojern.com/
Lusha,https://www.lusha.com/
Overjet,https://www.overjet.ai/
Expert Institute,https://www.expertinstitute.com/
MedTrans Go,https://www.medtransgo.com/
Monigle,https://www.monigle.com/
Cleo,https://cleo.li/
Takeda,https://www.takeda.com/
Apploi,https://apploi.com/
TurboTenant,https://www.turbotenant.com/
Caxy,https://www.caxy.com/
McCain Foods,https://www.mccain.com/
Vannevar Labs,https://www.vannevarlabs.com/
Nourish,https://www.nourishorganic.com/
"Findigs, Inc.",https://findigs.com/
"Sourced Group, An Amdocs Company",https://www.sourcedgroup.com/
Caden,https://www.caden.io/
Moov Financial,https://moov.io/
Kin + Carta,https://www.kinandcarta.com/en-us/
BrainPOP,https://www.brainpop.com/
FluentStream,https://www.fluentstream.com/
OneView Commerce,https://www.oneviewcommerce.com/
Credit Repair Cloud,https://www.creditrepaircloud.com/
Greenlight Guru,https://www.greenlight.guru/
Yello,https://www.yello.com/
Asset Class,https://www.assetclass.com/
Ascendco Health,https://www.ascendcohealth.com/
EDGE,https://www.microsoft.com/en-us/edge
Invoice Home,https://invoicehome.com/
TPT (formerly Teachers Pay Teachers),https://www.teacherspayteachers.com/
TextUs,https://textus.com/
Abalta Technologies,https://abaltatech.com/
MagicLinks,https://www.magiclinks.com/
Mothership,https://www.mothership.com/
Crafted,https://craftedstl.com/
Bloom Credit,https://bloomcredit.io/
Florence Healthcare,https://florencehc.com/
MessageGears,https://messagegears.com/
Corvus Insurance,https://www.corvusinsurance.com/
DoorDash,https://www.doordash.com/
Rebellion Defense,https://rebelliondefense.com/
Second Front Systems,https://www.secondfront.com/
Unite Us,https://uniteus.com/
Crossbeam,https://www.crossbeam.com/
Postscript,https://postscript.io/
Eaton,https://www.eaton.com/
Zuora,https://www.zuora.com/
Productboard,https://www.productboard.com/
Above Lending,https://abovelending.com/
Outschool,https://outschool.com/
EnergyHub,https://www.energyhub.com/
Labelbox,https://labelbox.com/
Xplor Technologies,https://www.xplortechnologies.com/us
Sparrow,https://mychart.sparrow.org/mychart/Authentication/Login?
LaunchDarkly,https://launchdarkly.com/
Kickstarter,https://www.kickstarter.com/?country=US
Messari,https://messari.io/
Foundry Brands,https://foundrybrands.com/
Launch Potato,https://launchpotato.com/
BallotReady,https://www.ballotready.org/
Jungle Scout,https://www.junglescout.com/
Mojo,https://www.mojo.com/
Valo Health,https://www.valohealth.com/
Sagent,https://sagent.com/
Amaze Software Inc.,https://amaze.co/
KitBash3D,https://kitbash3d.com/
Paytient,https://www.paytient.com/
"REsurety, Inc.",https://resurety.com/
The Krazy Coupon Lady,https://thekrazycouponlady.com/
AddShoppers,https://www.addshoppers.com/
Redox,https://redox.com/
Popmenu,https://get.popmenu.com/
hims & hers,https://www.hims.com/
Reddit,https://www.reddit.com/
May Mobility,https://maymobility.com/
Akamai Technologies,https://www.akamai.com/
Circle,https://www.circle.com/en/
HatchWorks,https://hatchworks.com/
Envoy,https://envoy.com/
"Paperless Parts, Inc.",https://www.paperlessparts.com/
Foxtrot,https://foxtrot.com/
Databook,https://databook.com/
Brad's Deals,https://www.bradsdeals.com/
Instnt,https://instantpot.com/
Carta Healthcare,https://www.carta.healthcare/
Network Optix,https://www.networkoptix.com/
Bose Professional,https://www.boseprofessional.com/en-us
Abacus Insights,https://abacusinsights.com/
Affirm,https://www.affirm.com/
Cubic Corporation,https://www.cubic.com/
RS21,https://rs21.io/
Nisum,https://www.nisum.com/
Duolingo,https://www.duolingo.com/
Ancestry,https://www.ancestry.com/
MojoTech,https://www.mojotech.com/
Frontify,https://www.frontify.com/en/
Posit,https://posit.co/
Volley,https://en.volleyballworld.com/
Zendesk,https://www.zendesk.com/
Smartcar,http://www.smart.com/
AKASA,https://www.akasaair.com/
Highline,https://www.thehighline.org/
Fingerprint,https://fingerprint.com/
Stellar Development Foundation,https://stellar.org/foundation
Kafene,https://kafene.com/
GridX,https://gridx.com/
Eco.com,https://eco.org/
Panther,https://www.panthers.com/
SamaCare,https://www.samacare.com/
Consensus,https://www.consensus.com/
"DexCare, Inc.",https://dexcare.com/
Britive,https://www.britive.com/
Avantus,https://avantus.com/
runZero,https://www.runzero.com/
Yuga Labs,https://yuga.com/
PAR Technology,https://partech.com/
VOLT AI,https://www.volt.ai/
Beyond Limits,https://www.beyond.ai/
Bonusly,https://bonusly.com/
Evolve,https://evolve.com/
Granicus LLC,https://granicus.com/
Quartet Health,https://www.quartethealth.com/
Rewards Network,https://www.rewardsnetwork.com/
Apexon,https://www.apexon.com/
Skilljar,https://www.skilljar.com/
Lessen LLC,https://www.lessen.com/
Vise,https://vise.com/
SOCi,https://www.meetsoci.com/
CaptivateIQ,https://www.captivateiq.com/
SingleStore,https://www.singlestore.com/
Point B,https://www.pointb.com/
Vistar Media,https://www.vistarmedia.com/
"Visa Inc,",https://usa.visa.com/
Cover Genius,https://covergenius.com/
DAS42,https://das42.com/
Praxent,https://praxent.com/
HarperDB,https://www.harperdb.io/
Agile Six,https://agile6.com/
Convene,https://convene.com/
Reformation,https://www.thereformation.com/
Revinate,https://www.revinate.com/
JOOR,https://www.joor.com/
Sotheby's,https://www.sothebys.com/en/
Shardeum,https://shardeum.org/
GrapevineAI,https://www.grapevine.ai/
BorderlessMind,https://www.borderlessmind.com/
PaceMate,https://pacemate.com/
FOSSA,https://fossa.com/
Mitratech,https://mitratech.com/
Orchard,https://www.theorchard.com/
Palo Alto Networks,https://www.paloaltonetworks.com/
At-Bay,https://www.at-bay.com/
"RealPage, Inc.",https://www.realpage.com/
IHG,https://www.ihg.com/hotels/us/en/reservation
Mastercard,https://www.mastercard.us/en-us.html
Apartment List,https://www.apartmentlist.com/
Earnest,https://ernestofficial.com/
DoiT International,https://www.doit.com/
Carta,https://carta.com/
Black Airplane,https://blackairplane.com/
Attentive,https://www.attentive.com/
MNTN,https://mountain.com/
AAM - American Axle & Manufacturing,https://www.aam.com/
LanzaTech,https://lanzatech.com/
Mack Weldon,https://mackweldon.com/
Insite AI,https://insite.ai/
Hightouch,https://hightouch.com/
Snowflake,https://www.snowflake.com/en/
Appfire,https://appfire.com/
"Double Line, Inc.",https://wearedoubleline.com/
Runway,https://runwayml.com/
Constructor,https://theconstructor.org/
Placer.ai,https://www.placer.ai/
Reebelo,https://reebelo.com/
Appcues,https://www.appcues.com/
FLASH,https://www.warnerbros.com/movies/flash
Braviant Holdings,https://www.braviantholdings.com/
Capitalize,https://www.searchenginejournal.com/writing-for-web-capitalization-rules/355790/
Indico Data,https://indicodata.ai/
Paylocity,https://www.paylocity.com/
Unqork,https://www.unqork.com/
JWP (JW Player),https://jwplayer.com/
Santander US,https://www.santanderbank.com/
Forcepoint,https://www.forcepoint.com/
Shipium,https://www.shipium.com/
Atmosphere,https://atmospheresucks.com/
ClosedLoop,https://www.closedloop.com/
Nutrafol,https://nutrafol.com/
Sonrai Security,https://sonraisecurity.com/
Fiddler,https://www.telerik.com/fiddler
Personify,https://www.personifyfinancial.com/
Beam Impact Inc,https://www.beamimpact.com/
Sibros,https://www.sibros.tech/
ngrok,https://ngrok.com/
Invaluable,https://www.invaluable.com/
RepeatMD,https://repeatmd.com/
Fluency Inc.,https://www.fluency.inc/
Front,https://front.com/
Automox,https://www.automox.com/
Axuall,https://axuall.com/
Emotive.io,https://emotive.io/
Pax8,https://www.pax8.com/en-us/
Upstart,https://www.upstart.com/
TechnologyAdvice,https://technologyadvice.com/
Mosaic Building Group,https://mosaic.us/
Tortuga AgTech,https://www.tortugaagtech.com/
Rightway,https://www.rightwayhealthcare.com/
Elastic,https://www.elastic.co/
"Globality, Inc.",https://www.globality.com/
Product School,https://productschool.com/
American Express Global Business Travel,https://www.amexglobalbusinesstravel.com/
Feedzai,https://feedzai.com/
Hypori Inc.,https://www.hypori.com/
Cerebral,https://cerebral.com/
All Turtles,https://www.all-turtles.com/
Scuba Analytics,https://www.scuba.io/
R-Zero,https://rzero.com/
Cargomatic,https://cargomatic.com/
Sana Benefits,https://www.sanabenefits.com/
Atlas,https://www.playatlas.com/
Teamwork,https://www.teamwork.com/
Vareto,https://www.vareto.com/
TIFIN,https://tifin.com/
Supermetrics,https://supermetrics.com/
Lead Bank,https://www.lead.bank/
LightForce Orthodontics Inc.,https://lf.co/
Matik,https://www.matik.io/
Runwise,https://www.runwise.com/
ActiveCampaign,https://www.activecampaign.com/
Epirus,https://www.epirusinc.com/
GOAT Group,https://www.goatgroup.com/
10Pearls,https://10pearls.com/
Lattice,https://lattice.com/
LeagueApps,https://leagueapps.com/
Newsela,https://newsela.com/
Upwork,https://www.upwork.com/
Seismic,https://seismic.com/
Trust & Will,https://trustandwill.com/
Guidewire Software,https://www.guidewire.com/
Lightspeed Systems,https://www.lightspeedsystems.com/
CentralReach,https://centralreach.com/
SQUIRE,https://www.fender.com/en-US/squier-electric-guitars/
Red Hat,https://www.redhat.com/en
Design Pickle,https://designpickle.com/
Electric,https://www.dteenergy.com/
Expel,https://expel.com/
Unit21,https://www.unit21.ai/
Intercom,https://www.intercom.com/
AgentSync,https://agentsync.io/
Double Good,https://www.doublegood.com/
Zefr,https://zefr.com/
Digital Pharmacist,https://www.digitalpharmacist.com/
Ncontracts,https://www.ncontracts.com/
Octave,https://www.octaveclothing.com/
Coupang,https://www.aboutcoupang.com/
Sosemo,https://www.sosemo.com/
SKULabs,https://www.skulabs.com/
Flywheel Infotech,https://in.linkedin.com/company/flywheelinfo
Alchemer,https://www.alchemer.com/
PMG,https://www.pmgnotes.com/
Autodesk,https://www.autodesk.com/
United Wholesale Mortgage,https://www.uwm.com/
H1,https://h1.co/
Highspot,https://www.highspot.com/
Acoustic,https://www.acoustic.com/
Intuit,https://www.intuit.com/
BlueLabs Analytics,https://bluelabs.com/
Kiddom,https://www.kiddom.co/
Upbound,https://www.upbound.io/
21.co,https://21.co/
KAYAK,https://www.kayak.com/
Freeform,https://www.freeform.com/
OpenTable,https://www.opentable.com/
Yugabyte,https://www.yugabyte.com/
Carbon Direct,https://www.carbon-direct.com/
TruEra,https://truera.com/
Honor,https://www.honor.com/global/
Perennial,https://www.perennialbeer.com/
EcoCart,https://ecocart.io/
Reveleer,https://www.reveleer.com/
Range,https://www.therange.co.uk/
CopilotIQ,https://copilotiq.com/
Hallow,https://hallow.com/
Able,https://www.ableclothing.com/
CityBase,https://thecitybase.com/
CSG,https://www.csgi.com/
Devbridge,https://www.linkedin.com/company/devbridge
InfluxData,https://www.influxdata.com/
Zwift,https://www.zwift.com/
Zen Planner,https://zenplanner.com/
Amount,https://www.usa.gov/currency
Gearset,https://gearset.com/
Arthur,https://pbskids.org/arthur/
Karat Financial,https://www.trykarat.com/
Fyllo,https://www.hellofyllo.com/
Bright Horizons,https://www.brighthorizons.com/
SlicedHealth,https://www.slicedhealth.com/
Pebble,https://www.pebblecart.com/
GigLabs,https://www.gigantik.io/
Vizion,https://www.vizionapi.com/
Occupier,https://www.occupier.com/
Distillery Tech,https://distillery.com/
Nash,https://thenashcollection.com/
Excel™,https://www.microsoft.com/en-us/microsoft-365/excel
Fan Controlled Sports + Entertainment,https://www.fcse.xyz/
Popl,https://popl.co/
Revive Media,https://www.revivemedia.us/
Pixelette Technologies,https://www.pixelettetech.com/
Homelister,https://www.homelister.com/
Poppins Payroll,https://www.poppinspayroll.com/
Aqua Security,https://www.aquasec.com/
Aquia Inc.,https://www.aquia.us/
Shark&Cooper,
Dr. Donald A. Graham,https://drdongraham.com/
Veritonic,https://www.veritonic.com/
StartupSoft,https://www.startupsoft.com/
Verifex,http://www.fairfaxcounty.gov/
Antier Solutions,https://www.antiersolutions.com/
300Mind,https://300mind.studio/
Achievion Solutions,https://achievion.com/
Techcronus,https://www.techcronus.com/
We AppIt LLC,https://www.weappitright.com/
Carmatec,https://www.carmatec.com/
Eboore.com,https://eboore.com/
Euro Tech Conseil,https://www.eurotechconseil.com/en/
Euro Tech Conseil,https://www.eurotechconseil.com/en/
Stuut,
AI Advantage Agency,https://aiadvantageagency.com/
AbsenceSoft,https://absencesoft.com/
Bliss Point Media,https://tinuiti.com/blisspoint/
Groove Jones,https://groovejones.com/
Loop Returns,https://www.loopreturns.com/
RepairSmith,https://careers.repairsmith.com/
Anthology,https://www.anthology.com/
Flexcar,https://www.flexcar.com/
Method Financial,https://methodfi.com/
Validere,https://www.validere.com/
Coding Temple,https://www.codingtemple.com/
Dimagi,https://www.dimagi.com/
Interplay Learning,https://www.interplaylearning.com/
The King Electronics & Computer Repair,
Urban Sky,https://www.urbansky.com/
BeyondID,https://beyondid.com/
Teamworks,https://teamworks.com/
Pivot Cycles,https://www.pivotcycles.com/en/
Mavrck,https://www.mavrck.co/
Shortcut,https://shotcut.org/
Verivest,https://www.verivest.com/
UpCodes,https://up.codes/
Playco,https://www.play.co/
BluByrd,https://www.blubyrd.com/
XeoDev,https://www.xeodev.com/
Ownwell,https://www.ownwell.com/
Galileo,https://www.galileo.usg.edu/
Mployer Advisor,https://mployeradvisor.com/
FullContact,https://www.fullcontact.com/
Merit America - 2,https://meritamerica.org/
Ubmatic,https://www.ubmatic.com/
Ubmatic,https://www.ubmatic.com/
The Gray Bear,https://www.graybear.org/
AlphaBOLD,https://www.alphabold.com/
Hacken,https://hacken.io/
F(x) Data Labs,https://fxis.ai/
Mylarpacks.com,https://mylarpacks.com/
Truffle Security,https://trufflesecurity.com/
Vega Cloud,https://www.vegacloud.io/
GLIDE®,https://www.glideapps.com/
Phenx Machine Learning Technologies Inc.,https://www.phenx.io/
Rubyroid Labs,https://rubyroidlabs.com/
Emerge Haus,https://www.emerge.haus/
Euro Tech Conseil,https://www.eurotechconseil.com/en/
Sprinklenet,https://sprinklenet.com/
RosettaHealth,https://rosettahealth.com/
Pozva,https://pozva.com/
Cardlytics,https://www.cardlytics.com/
ServiceTitan,https://www.servicetitan.com/
Studio X,https://studioxshop.com/
Tealium,https://tealium.com/
Kyte,https://kytebaby.com/
Rapid Robotics,https://www.rapidrobotics.com/
LASSO,https://bitsum.com/
Hyatt,https://www.hyatt.com/
Hearth,https://hearthnhome.com/
Scalero,https://scalero.io/
Cloudticity,https://www.cloudticity.com/home
Subvrsive,https://subvrsive.com/
Belkins,https://www.belkin.com/
Turnstile,https://www.turnstilehardcore.com/
Harver,https://harver.com/
The Helper Bees,https://www.thehelperbees.com/
Mayfair,https://www.mayfairhotels.com/
Workforce.com,https://workforce.com/
Machinify,https://www.machinify.com/
Nuvocargo,https://www.nuvocargo.com/
Layer2Labs,https://layertwolabs.com/
SuperTeam Games,https://www.superteamgames.com/
GoodTime.io,https://goodtime.io/
Centaur Labs,https://www.centaurlabs.com/
Keyway,https://www.keeway.com/int-en
Playco,https://www.play.co/
HackNotice,https://hacknotice.com/
Mention Me,https://www.mention-me.com/
MARKT-PILOT,https://www.markt-pilot.com/en/
Melonheads,https://www.melonheads.com/
Zeno Technologies,https://zenotech.io/
Propelus,https://propelus.com/
Valkyrie Intelligence,https://valkyrie.ai/
"Spin Systems, Inc.",https://spinsys-dine.com/
Merit America,https://meritamerica.org/
"Nirvana Insurance, Inc.",https://www.nirvanatech.com/
Opil Optimum,https://www.opiloptimum.com/
Krishang Technolab,https://www.krishangtechnolab.com/
Digi Design Resort,https://www.digidesignresort.com/
Sysarro,https://sysarro.com/
Ground Alliance,https://www.groundalliance.com/
Mavinx,https://mavinx.com/
WIN Reality,https://winreality.com/
"LuminFire, Inc.",https://luminfire.com/
Euro Tech Conseil,https://www.eurotechconseil.com/en/
TRooTech Business Solutions,https://www.trootech.com/
b.well Connected Health,https://www.icanbwell.com/
Bluestaq,https://www.bluestaq.com/
nTopology,https://www.ntop.com/
Ookla,https://www.speedtest.net/
Zumper,https://www.zumper.com/
QuotaPath,https://www.quotapath.com/
Rockbot,https://rockbot.com/
Perch,https://www.perchhq.com/
Eventus,https://www.eventus.com/
PlayQ,https://www.playq.com/
Confiant,https://www.confiant.com/
"Flieber, Inc.",https://www.flieber.com/
ISHIR,https://www.ishir.com/
Swoop App,https://www.swoopapp.com/
Volt Athletics,https://www.voltathletics.com/
"Mobi Systems, Inc.",https://mobisystems.com/v3
Attunely,https://www.linkedin.com/company/attunely
Neon One,https://neonone.com/
Cascadian Software,https://www.cascadiansoftware.com/
NAX Group,https://www.naxgrp.com/
Relay Delivery,https://www.relay.delivery/
Smartrr,https://smartrr.com/
SafeBreach,https://www.safebreach.com/
Stytch,https://stytch.com/
Miku,https://mikuexpo.com/
Clairity,https://clairity.com/
Clearbit,https://clearbit.com/
Radio Flyer,https://www.radioflyer.com/
DwellWell,https://dwellwell.ai/
Gloat,https://gloat.com/
Kizen,https://kizen.com/
Juvo+,https://www.juvo.com/
Dmvedu.Org,https://www.dmvedu.org/
Finance Advertising,https://transparency.fb.com/policies/ad-standards/content-specific-restrictions/financial-services
Softrip,https://www.softrip.com/
Algotive,https://www.algotive.ai/en-us/
Alluxi,https://www.alluxi.com/
"Ropstam Solutions - Mobile, Web, and Software Development Company",https://www.ropstam.com/
AOX Apps,https://www.aoxapps.com/
Ajroni,https://ajroni.com/
TRooTech Business Solutions,https://www.trootech.com/
Border UX,https://www.borderux.com/
MotionOps,https://www.motionops.com/
Avinity Analytics,https://avinityanalytics.com/
ByteChek,https://twitter.com/bytechek
Stream 9,https://centos.org/stream9/
Enervee,https://www.enervee.com/
"NS1, an IBM Company",https://ns1.com/about
PlayVS,https://www.playvs.com/
Thirty Madison,https://thirtymadison.com/
backstitch,https://www.backstitch.io/website-privacy-policy
Milo,https://www.goodnes.com/milo/
Curebase,https://www.curebase.com/
Verizon,https://www.verizon.com/
Big Fish Games,https://www.bigfishgames.com/us/en/pc-games.html
Optera,https://opteraclimate.com/
OpenSea,https://opensea.io/
Derivative Path,https://derivativepath.com/
CoinList,https://coinlist.co/
Compt,https://www.compt.io/
BeatStars,https://www.beatstars.com/
D2iQ,https://d2iq.com/
MoogleLabs,https://www.mooglelabs.com/
Vention,https://ventiontech.com/
Finest Ghostwriting,https://www.finestghostwriting.org/
Pathify,https://pathify.com/
NCSA College Recruiting,https://www.ncsasports.org/
Radancy,https://www.radancy.com/en/
The Lactation Network,https://lactationnetwork.com/
Inverted Software,https://www.invertedsoftware.com/
LaunchPad Lab,https://launchpadlab.com/
Kintsugi Mindful Wellness,https://www.kintsugihealth.com/
Austin International,https://www.austintexas.gov/airport
SupplyPike,https://www.supplypike.com/
"Chetu, Inc.",https://www.chetu.com/
SubscriptionFlow,https://www.subscriptionflow.com/
The Network Group,https://thenetwork-group.com/
Binmile,https://binmile.com/
Proton Solutions,https://protonsolutions.net/
Atomic Object,https://atomicobject.com/
Finance Advertising,https://transparency.fb.com/policies/ad-standards/content-specific-restrictions/financial-services
2am.tech,https://2am.tech/
ValueCoders,https://www.valuecoders.com/
Euro Tech Conseil,https://www.eurotechconseil.com/en/
Euro Tech Conseil,https://www.eurotechconseil.com/en/
Pilot Digital Marketing,https://pilotdigital.com/
"Avenue Code, LLC",https://www.avenuecode.com/
Utility Bellhop,https://utilitybellhops.com/
Coinme Inc.,https://coinme.com/
"Eviden, an Atos Business",https://eviden.com/
oak9,https://www.oak9.io/
Nextbite,https://nextbite.io/
Rightpoint,https://www.rightpoint.com/
Routable,https://routable.com/
Khoros,https://khoros.com/
GoCheck Kids,https://www.gocheckkids.com/
"Nike, Inc.",https://www.nike.com/
eMed Digital Healthcare,https://www.emed.com/
Fisher Investments,https://www.fisherinvestments.com/en-us
AssemblyAI,https://www.assemblyai.com/
LinkSquares,https://linksquares.com/
Poshmark,https://poshmark.com/
ComplYant,https://www.instagram.com/complyantapp/
Sensible Weather,https://www.sensibleweather.com/
Fractal Software,https://www.fractalsoftware.com/
"Upstart Power, Inc.",https://www.upstartpower.com/
Deep Fork Technology,https://deepforktechnology.com/
Percent,https://percent.com/
Aleria,https://www.aleriaresearch.org/
Valimail,https://www.valimail.com/
Kantata,https://www.kantata.com/
Enspire,https://enspire.com/
Aclaimant,https://www.aclaimant.com/
Additive Monitoring Systems,https://www.additivemonitoring.com/
Infracore,https://infracore.net/
OneSix,https://www.onesixsolutions.com/
Okteto,https://www.okteto.com/
Meadowbrook Financial Mortgage Bankers Corp.,https://mfmbankers.com/
Cuttlesoft,https://cuttlesoft.com/
iSeatz,https://www.iseatz.com/en/
Spoiler Alert,https://www.spoileralert.com/
Data Clymer,https://dataclymer.com/
Mystery,https://www.therealmystery.com/
Advisory Solutions,https://advisorymsp.com/
Macquarie Group,https://www.macquarie.com/
SMD Technosol,https://smdtechnosol.com/
The 215 Guys,https://www.the215guys.com/
"POINT.ME, INC.",https://www.point.me/
atai Life Sciences,https://atai.life/
WORTHY,https://www.worthy.com/
Modern Treasury,https://www.moderntreasury.com/
Vincit,https://www.vincit.com/
MindInventory,https://www.mindinventory.com/
Codevian Technologies,https://codevian.com/
Euro Tech Conseil,https://www.eurotechconseil.com/en/
Vault R&D,https://www.vaultrd.com/
Quantiq Partners,https://www.quantiqpartners.com/
Reed Dynamic,https://reeddynamic.com/
Ceros,https://www.ceros.com/
Dray Alliance,https://www.drayalliance.com/
"Jobcase, Inc.",https://www.jobcase.com/
Travelers Haven,https://www.travelershaven.com/
Homebound Technologies,https://www.homebound.com/
Casana,https://casanacare.com/
Knowland,https://www.knowland.com/
Navigating Cancer,https://www.navigatingcancer.com/
LaunchSource,https://www.launchsource.com/
Mode Mobile,https://www.modemobile.com/
Momnt,https://www.momnt.com/
Clovers,https://www.clover.com/
Purple Carrot,https://www.purplecarrot.com/
APIXIO,https://www.apixio.com/
ShipFusion,https://www.shipfusion.com/
Fitch Group,http://www.fitch.group/
Obie,https://www.obiehealth.com/
CarAdvise,https://caradvise.com/
Nautilus Labs,https://nautiluslabs.com/
ClickySoft,https://clickysoft.com/
Sprockets,https://www.jtsprockets.com/
Motili,https://www.motili.com/
CoinDesk,https://www.coindesk.com/
Lawline,https://www.lawline.com/
"Docker, Inc",https://www.docker.com/
Merit America - 2,https://meritamerica.org/
Curios,https://www.curios.com/
TulaCo,https://tula.co/
Best Web3 Development,https://bestweb3development.com/
Queppelin,https://www.queppelin.com/
Antier Solutions,https://www.antiersolutions.com/
Equinox Advertising,https://www.equinox.com/
ProductSupport,https://www.productsupport.com/
Debut Infotech,https://www.debutinfotech.com/
Privacera,https://privacera.com/
Kaana,https://www.kaana.com/
Timspark,https://timspark.com/
Euro Tech Conseil,https://www.eurotechconseil.com/en/
Euro Tech Conseil,https://www.eurotechconseil.com/en/
Quantiq Partners,https://www.quantiqpartners.com/
Club Automation,https://www.clubautomation.com/
Edify,https://edify.org/
Knotch,https://knotch.com/
Amtrak,https://www.amtrak.com/home
BHP BILLITON,https://www.bhp.com/
Novelis,https://www.novelis.com/
ADM,https://www.adm.com/en-us/
Tesla,https://www.tesla.com/
General Motors,https://www.gm.com/
Ford Motors,https://www.ford.com/
Airbus,https://www.airbus.com/en
reynolds consumer products,https://www.reynoldsconsumerproducts.com/
mondelez international,https://www.mondelezinternational.com/
General Mills,https://www.generalmills.com/
danone,https://www.danone.com/
Diageo,https://www.diageo.com/en
Orora,https://www.ororagroup.com/
capital one,https://www.capitalone.com/
US Bank Corp,https://www.usbank.com/index.html
BB&T,https://www.truist.com/
suntrust bank,https://www.truist.com/
American Express,https://www.americanexpress.com/
ally Financial,https://www.ally.com/
M&T Bank,https://www3.mtb.com/
Fifth Third Bank,https://www.53.com/content/fifth-third/en.html
Syngenta,https://www.syngenta.com/en
Olam,https://www.olamgroup.com/
Consumers Energy,https://www.consumersenergy.com/
CSC,https://www.chinesescholarshipcouncil.com/
Kimberly Clark Corp.,https://www.kimberly-clark.com/en-us
Henkel,https://www.henkel-northamerica.com/
Shiseido,https://www.shiseido.com/us/en/
Ecolab,https://www.ecolab.com/
Spectrum Brands,http://www.spectrumbrands.com/
Nu Skin,https://www.nuskin.com/us/en/
Chanel,https://www.chanel.com/us/
Amerisourcebergen,https://www.amerisourcebergen.com/
Kroger,https://www.kroger.com/
Nestlé,https://www.nestle.com/
Prudential plc,https://www.prudentialplc.com/en
Bank of America,https://www.bankofamerica.com/
HSBC,https://www.us.hsbc.com/
IBM,https://www.ibm.com/
Citigroup,https://www.citigroup.com/citi/
Amazon,https://www.amazon.com/
Wells Fargo,https://www.wellsfargo.com/
Allianz,https://www.allianz.com/en.html
Sensata Technologies,https://www.sensata.com/
United Nations,https://www.un.org/en/
Dupont,https://www.dupont.com/
Pfizer,https://www.pfizer.com/
Sanofi,https://www.sanofi.com/en
Express Scripts,https://www.express-scripts.com/
Aon,https://www.aon.com/en/
Adobe,https://www.adobe.com/
Airbnb,https://www.airbnb.com/
Alcatel-Lucent,https://www.al-enterprise.com/
AOL,https://www.aol.com/
Acquia,https://www.acquia.com/
AdRoll,https://www.adroll.com/
AEG,https://www.aeg-home.com/
Alert Logic,https://www.alertlogic.com/
Autodesk,https://www.autodesk.com/
Bitdefender,https://www.bitdefender.com/
BMW,https://www.bmwusa.com/
British Gas,https://www.britishgas.co.uk/
Baidu,https://www.baidu.com/
Bristol-Myers Squibb,https://www.bms.com/
Canon,https://www.usa.canon.com/
Capital One,https://www.capitalone.com/
Channel 4,https://www.channel4.com/
Chef,https://www.chef.io/
Citrix,https://www.citrix.com/
Coinbase,https://www.coinbase.com/
Comcast,https://www.xfinity.com/
Coursera,https://www.coursera.org/
Disney,https://www.disney.com/
Docker,https://www.docker.com/
Dow Jones,https://www.dowjones.com/
European Space Agency,https://www.esa.int/
ESPN,https://www.espn.com/
Expedia,https://www.expedia.com/
Financial Times,https://www.ft.com/
FINRA,https://www.finra.org/
General Electric,https://www.ge.com/
GoSquared,https://www.gosquared.com/
Guardian News & Media,https://www.theguardian.com/
Harvard Medical School,https://hms.harvard.edu/
Hearst Corporation,https://www.hearst.com/
Hitachi,https://www.hitachi.com/
HTC,https://www.htc.com/us/
IMDb,https://www.imdb.com/
International Centre for Radio Astronomy Research,https://www.icrar.org/
International Civil Aviation Organization,https://icao.int/
ITV,https://www.itv.com/
iZettle,https://www.zettle.com/gb
Johnson & Johnson,https://www.jnj.com/
JustGiving,https://www.justgiving.com/
JWT,https://jwt.io/
Kaplan,https://kaplan.com/
Kellogg’s,http://www.kelloggs.com/en_US/home.html
Lamborghini,https://www.lamborghini.com/en-en
Lonely Planet,https://www.lonelyplanet.com/
Lyft,https://www.lyft.com/
Made.com,https://www.made.com/
McDonalds,https://www.mcdonalds.com/us/en-us.html
NASA,https://www.nasa.gov/
NASDAQ OMX,https://www.nasdaqomx.com/_?
National Rail Enquiries,https://www.nationalrail.co.uk/
National Trust,https://www.nationaltrust.org.uk/
Netflix,https://www.netflix.com/
News International,https://www.thenews.com.pk/
News UK,https://www.news.co.uk/
Nokia,https://www.nokia.com/
Nordstrom,https://www.nordstrom.com/
Novartis,https://www.novartis.com/
Pfizer,https://www.pfizer.com/
Philips,https://www.usa.philips.com/
Pinterest,https://www.pinterest.com/
Quantas,https://www.qantas.com/us/en.html
Reddit,https://www.reddit.com/
Sage,https://www.sage.com/en-us/
Samsung,https://www.samsung.com/us/
SAP,https://www.sap.com/index.html
Schneider Electric,https://www.se.com/us/en/
Scribd,https://www.scribd.com/
Securitas Direct,https://www.securitas.com/en/
Siemens,https://www.siemens.com/
Slack,https://slack.com/
Sony,https://www.sony.com/
SoundCloud,https://soundcloud.com/
Spotify,https://open.spotify.com/
Square Enix,https://www.square-enix-games.com/en_US/home
Tata Motors,https://www.tatamotors.com/
The Weather Company,https://www.weathercompany.com/
Twitch,https://www.twitch.tv/
Turner Broadcasting,https://www.tbs.com/
Ticketmaster,https://www.ticketmaster.com/
Time Inc.,https://time.com/
Trainline,https://www.thetrainline.com/en-us
Ubisoft,https://www.ubisoft.com/en-us
UCAS,https://www.ucas.com/
Unilever,https://www.unilever.com/
US Department of State,https://www.state.gov/
USDA Food and Nutrition Service,https://www.fns.usda.gov/usda-food-and-nutrition-service
UK Ministry of Justice,https://www.gov.uk/government/organisations/ministry-of-justice
Vodafone Italy,https://www.vodafone.it/
WeTransfer,https://wetransfer.com/
WIX,https://www.wix.com/
Xiaomi,https://www.mi.com/global/
Yelp,https://www.yelp.com/
Zynga and Zillow.,https://www.zillow.com/
